,label,pred
0,"[[1 0 0 0]
 [1 0 0 0]
 [1 0 0 0]
 ...
 [1 0 0 0]
 [0 1 0 0]
 [0 1 0 0]]","[[ 5.8085938e+00 -2.4082031e+00 -2.4609375e+00 -1.7275391e+00]
 [ 4.8750000e+00 -1.3125000e+00 -1.9267578e+00 -2.8378906e+00]
 [ 6.7109375e+00 -2.8906250e+00 -1.6865234e+00 -3.5625000e+00]
 ...
 [ 3.7128906e+00 -6.0595703e-01 -2.3066406e+00 -1.9980469e+00]
 [-2.7294922e-01  9.3310547e-01 -4.0206909e-03 -1.3505859e+00]
 [ 3.0175781e+00 -5.2246094e-02 -1.8417969e+00 -2.1582031e+00]]"
