,label,pred
0,"[[0 0 0 1]
 [0 0 0 1]
 [0 0 0 1]
 ...
 [1 0 0 0]
 [0 0 1 0]
 [0 0 0 1]]","[[-3.72070312e+00  2.11914062e+00 -3.63281250e+00  5.25390625e+00]
 [-3.28710938e+00 -2.00843811e-03 -2.41015625e+00  6.69140625e+00]
 [-4.03515625e+00 -1.36718750e+00 -3.43554688e+00  1.00703125e+01]
 ...
 [ 5.56640625e+00 -1.60839844e+00 -1.24804688e+00 -1.21875000e+00]
 [-3.84033203e-01 -1.47070312e+00  5.55859375e+00 -2.37890625e+00]
 [-3.02929688e+00 -1.23535156e+00 -2.41601562e+00  7.82812500e+00]]"
