,label,pred
0,"[[0 1 0 0]
 [0 1 0 0]
 [0 0 1 0]
 ...
 [0 1 0 0]
 [0 1 0 0]
 [0 1 0 0]]","[[-2.3105469   1.5947266  -3.7050781   3.7480469 ]
 [-5.2421875   3.4707031   0.45703125  0.3869629 ]
 [-4.921875    0.5439453   8.5390625  -3.9960938 ]
 ...
 [-2.140625    3.8359375  -1.171875   -0.7998047 ]
 [ 0.5263672   0.59716797  0.16894531 -1.0566406 ]
 [-3.4589844   4.1679688  -1.4394531   0.21398926]]"
